{
  "back": {
    "id": "back",
    "english": "Back",
    "welsh": "Cefn",
    "arabic": "الظهر",
    "bengali": "পিঠ",
    "polish": "Plecy",
    "somali": "Dhabarka",
    "urdu": "پیڻھ",
  },
  "bottom": {
    "id": "bottom",
    "english": "Bottom",
    "welsh": "Pen-ôl",
    "arabic": "الإليتان",
    "bengali": "নিতম্ব",
    "polish": "Pośladki",
    "somali": "Badhyaha",
    "urdu": "کولھا",
  },
  "boysPrivates": {
    "id": "boysPrivates",
    "english": "Boy's Privates",
    "welsh": "Rhannau preifat bachgen",
    "arabic": "أجزاء الفتى الخاصة",
    "bengali": "ছেলেদের গোপনাঙ্গ",
    "polish": "Okolice intymne chłopca",
    "somali": "Wiilka cawrada",
    "urdu": "لڑکے کے مخصوص اعضاء",
  },
  "breast": {
    "id": "breast",
    "english": "Breast",
    "welsh": "Brest",
    "arabic": "الثدي",
    "bengali": "বুক",
    "polish": "Pierś",
    "somali": "Naaska",
    "urdu": "چھاتی",
  },
  "chest": {
    "id": "chest",
    "english": "Chest",
    "welsh": "Brest",
    "arabic": "الصدر",
    "bengali": "বুক",
    "polish": "Klatka piersiowa",
    "somali": "Laabta",
    "urdu": "سینہ",
  },
  "ear": {
    "id": "ear",
    "english": "Ear",
    "welsh": "Clust",
    "arabic": "الإذن",
    "bengali": "কান",
    "polish": "Ucho",
    "somali": "Dhag",
    "urdu": "کان",
  },
  "elbow": {
    "id": "elbow",
    "english": "Elbow",
    "welsh": "Penelin",
    "arabic": "الكوع",
    "bengali": "কনুই",
    "polish": "Łokieć",
    "somali": "Suxulka",
    "urdu": "کہنی",
  },
  "eyes": {
    "id": "eyes",
    "english": "Eyes",
    "welsh": "Llygaid",
    "arabic": "العيون",
    "bengali": "চোখ",
    "polish": "Oczy",
    "somali": "Indhaha",
    "urdu": "آنکھیں",
  },
  "femaleGenitals": {
    "id": "femaleGenitals",
    "english": "Female Genitals",
    "welsh": "Organau cenhedlu menyw",
    "arabic": "الأعضاء التناسلية للإناث",
    "bengali": "নারীদের জননাঙ্গ",
    "polish": "Genitalia żeńskie",
    "somali": "Xubnaha taranka dumarka",
    "urdu": "عورتوں کے اعضائے تناسل",
  },
  "girlsPrivates": {
    "id": "girlsPrivates",
    "english": "Girl's Privates",
    "welsh": "Rhannau preifat merch",
    "arabic": "أجزاء الفتاة الخاصة",
    "bengali": "মেয়েদের গোপনাঙ্গ",
    "polish": "Okolice intymne dziewczynki",
    "somali": "Gabdha cawrada",
    "urdu": "لڑکی کے مخصوص اعضاء",
  },
  "groin": {
    "id": "groin",
    "english": "Groin",
    "welsh": "Morddwyd",
    "arabic": "الأُرْبِيَّة",
    "bengali": "কুঁচকি",
    "polish": "Pachwina",
    "somali": "Sarcaha",
    "urdu": "پیڑو",
  },
  "hand": {
    "id": "hand",
    "english": "Hand",
    "welsh": "Llaw",
    "arabic": "اليد",
    "bengali": "হাত",
    "polish": "Ręka",
    "somali": "Gacan",
    "urdu": "ہاتھ",
  },
  "fingers": {
    "id": "fingers",
    "english": "Fingers",
    "welsh": "Bysedd",
    "arabic": "الأصابع",
    "bengali": "হাতের আঙুল",
    "polish": "Palce u rąk",
    "somali": "Faraha",
    "urdu": "انگلیاں",
  },
  "head": {
    "id": "head",
    "english": "Head",
    "welsh": "Pen",
    "arabic": "الرأس",
    "bengali": "মাথা",
    "polish": "Głowa",
    "somali": "Madaxa",
    "urdu": "سر",
  },
  "heart": {
    "id": "heart",
    "english": "Heart",
    "welsh": "Calon",
    "arabic": "القلب",
    "bengali": "হৃদপিন্ড",
    "polish": "Serce",
    "somali": "Wadnaha",
    "urdu": "دل",
  },
  "knee": {
    "id": "knee",
    "english": "Knee",
    "welsh": "Pen-glin",
    "arabic": "الركبة",
    "bengali": "হাঁটু",
    "polish": "Kolano",
    "somali": "Jilibka",
    "urdu": "گھڻنا",
  },
  "lowerArm": {
    "id": "lowerArm",
    "english": "Lower Arm",
    "welsh": "Braich isaf",
    "arabic": "الذراع السفلي",
    "bengali": "বাহুর নিম্নভাগ",
    "polish": "Przedramię",
    "somali": "Gacanta qaybta hoose",
    "urdu": "بازو کا نچلا ح ّصہ",
  },
  "lowerLeg": {
    "id": "lowerLeg",
    "english": "Lower Leg",
    "welsh": "Coes isaf",
    "arabic": "الساق",
    "bengali": "পায়ের নিম্নভাগ",
    "polish": "Podudzie",
    "somali": "Cagta",
    "urdu": "ڻانگ کا نچلا ح ّصہ",
  },
  "mouth": {
    "id": "mouth",
    "english": "Mouth",
    "welsh": "Agorwch eich ceg",
    "arabic": "فتح الفم",
    "bengali": "মুখ খুলুন",
    "polish": "Otwórz usta",
    "somali": "Fur afka",
    "urdu": "کھلا منہ",
  },
  "neck": {
    "id": "neck",
    "english": "Neck",
    "welsh": "Gwddf",
    "arabic": "العنق",
    "bengali": "ঘাড়",
    "polish": "Szyja",
    "somali": "Luqunta",
    "urdu": "گردن",
  },
  "nose": {
    "id": "nose",
    "english": "Nose",
    "welsh": "Trwyn",
    "arabic": "الأنف",
    "bengali": "নাক",
    "polish": "Nos",
    "somali": "Sanka",
    "urdu": "ناک",
  },
  "penis": {
    "id": "penis",
    "english": "Penis",
    "welsh": "Pidyn",
    "arabic": "القضيب",
    "bengali": "পুরুষাঙ্গ",
    "polish": "Penis",
    "somali": "Guska",
    "urdu": "عضو تناسل",
  },
  "plaster": {
    "id": "plaster",
    "english": "Plaster",
    "welsh": "Plaster gludiog",
    "arabic": "ألصق",
    "bengali": "প্লাস্টার লাগানো",
    "polish": "Plaster samoprzylepny ",
    "somali": "Balastar ku xirid",
    "urdu": "پلاسڑر",
  },
  "ribs": {
    "id": "ribs",
    "english": "Ribs",
    "welsh": "Asennau",
    "arabic": "الضلوع",
    "bengali": "পাঁজর",
    "polish": "Żebra",
    "somali": "Feeraha",
    "urdu": "پسلیاں",
  },
  "shoulder": {
    "id": "shoulder",
    "english": "Shoulder",
    "welsh": "Ysgwydd",
    "arabic": "الكتف",
    "bengali": "কাঁধ",
    "polish": "Bark",
    "somali": "Garabka",
    "urdu": "کندھا",
  },
  "testicles": {
    "id": "testicles",
    "english": "Testicles",
    "welsh": "Ceilliau",
    "arabic": "الخصيتين",
    "bengali": "অণ্ডকোষ",
    "polish": "Jądra",
    "somali": "Xaniinyo",
    "urdu": "خصیے",
  },
  "thigh": {
    "id": "thigh",
    "english": "Thigh",
    "welsh": "Clun",
    "arabic": "الفخذ",
    "bengali": "উরু",
    "polish": "Udo",
    "somali": "Boodyada",
    "urdu": "ران",
  },
  "toes": {
    "id": "toes",
    "english": "Toes",
    "welsh": "Bysedd traed",
    "arabic": "أصابع القدم",
    "bengali": "পায়ের আঙুল",
    "polish": "Palce u stóp",
    "somali": "Faraha cagta",
    "urdu": "پیر کی انگلیاں",
  },
  "tummy": {
    "id": "tummy",
    "english": "Tummy",
    "welsh": "Bol",
    "arabic": "البطن",
    "bengali": "পেট",
    "polish": "Brzuch",
    "somali": "Calool",
    "urdu": "پیٹ",
  },
}
