{
  "dis1": {
    "text": "The Information is not intended to replace medical advice from a health professional. The app and all subsequent applications is provided on an “AS IS” and “AS AVAILABLE” basis without warranties of any kind, either express or implied, including, without limitation, warranties of title, non-infringement, and implied warranties of merchantability or fitness for a particular purpose. ",
  },
  "dis2": {
    "text": "Without limiting the generality of the foregoing, Cardiff and Vale University Local Health Board makes no warranty, representation or guaranty as to the content, sequence, accuracy, timeliness or completeness of the apps Information, nor that the Information may be relied upon for any reason or that the Information will be uninterrupted or error free or that any defects can or will be corrected. ",
  },
  "dis3": {
    "text": "Without limiting the generality of the foregoing, Cardiff and Vale University Local Health Board makes no representations or warranties with respect to any Information offered or provided within or through the App or its subsequent applications regarding treatment of medical conditions, action, or application of potential or existing medication. ",
  },
  "dis4": {
    "text": "Under no circumstances, as a result of your use of this app or subsequent applications, will Cardiff and Vale University Local Health Board be liable to the purchaser or to any other person for any direct, indirect, special, incidental, exemplary, consequential or other damages under any legal theory, including, without limitation, tort, contract, medical law, strict liability or otherwise, even if advised of the possibility of such damages. ",
  },
  "dis5": {
    "text": "Without limiting the generality of the foregoing, Cardiff and Vale University Local Health Board shall have absolutely no liability in connection with the App or its subsequent applications. ",
  },
}
