{
  "numb": {
    "welsh": "Dim teimlad",
    "arabic": "تخدير",
    "bengali": "অসাড়",
    "polish": "Brak czucia",
    "somali": "Kabuubyo",
    "urdu": "ُسن",
  },
  "hot": {
    "welsh": "Poeth",
    "arabic": "ساخن",
    "bengali": "গরম",
    "polish": "Ciepło",
    "somali": "Kulayl",
    "urdu": "گرم",
  },
  "cold": {
    "welsh": "Oer",
    "arabic": "بارد",
    "bengali": "ঠান্ডা",
    "polish": "Zimno",
    "somali": "Qabaw",
    "urdu": "ڻھنڈا",
  },
  "tingling": {
    "welsh": "Pigo",
    "arabic": "تنميل",
    "bengali": "শিরশিরানি",
    "polish": "Mrowienie",
    "somali": "Jariiraco",
    "urdu": "چبھن",
  },
  "pinsneedles": {
    "welsh": "Pinnau bach",
    "arabic": "تصلب",
    "bengali": "ঝিঁঝিঁ ধরা",
    "polish": "Drętwienie",
    "somali": "Biiman iyo irbado",
    "urdu": "پن اور سوئیاں",
  },
  "badtaste": {
    "welsh": "Blas cas",
    "arabic": "طعم سيء",
    "bengali": "খারাপ স্বাদ",
    "polish": "Nieprzyjemny smak",
    "somali": "Dhadhan xun",
    "urdu": "خراب ذائقہ",
  },
  "ache": {
    "welsh": "Poen",
    "arabic": "ألم",
    "bengali": "ব্যথা",
    "polish": "Ból",
    "somali": "Xananuun",
    "urdu": "درد",
  },
  "cramps": {
    "welsh": "Cramp",
    "arabic": "تشنجات",
    "bengali": "পেশীতে টান",
    "polish": "Skurcze",
    "somali": "Majiiris",
    "urdu": "مروڑ",
  },
  "itchy": {
    "welsh": "Cosi",
    "arabic": "حاك",
    "bengali": "চুলকানি",
    "polish": "Swędzenie",
    "somali": "Cucun",
    "urdu": "خارش",
  },
  "faint": {
    "welsh": "Teimlo’n wan",
    "arabic": "إغماء",
    "bengali": "জ্ঞান হারানো",
    "polish": "Osłabienie",
    "somali": "Suuxid",
    "urdu": "غشی",
  },
  "dizzy": {
    "welsh": "Penysgafn",
    "arabic": "مصاب بدوار",
    "bengali": "মাথা ঘোরা",
    "polish": "Zawroty głowy",
    "somali": "Dawakhaad",
    "urdu": "چکر",
  },
  "eyeproblems": {
    "welsh": "Problemau gyda’r llygaid",
    "arabic": "مشاكل في العين",
    "bengali": "চোখের সমস্যা",
    "polish": "Problemy z oczami",
    "somali": "Cillado il",
    "urdu": "انکھوں کے مسائل",
  },
  "nofeel": {
    "welsh": "Dydych chi ddim yn gallu teimlo dim byd",
    "arabic": "لا يمكنك الشعور بأي شيء",
    "bengali": "আপনি কিছুই অনুভব করতে পারেন না",
    "polish": "Niczego nie czujesz",
    "somali": "Waxba ma dareemi kartid",
    "urdu": "آپ کوکچھ محسوس نہیں ہو رہا ے",
  },
  "drowsy": {
    "welsh": "Cysglyd",
    "arabic": "نعسان",
    "bengali": "ঘুম ঘুম ভাব",
    "polish": "Senność",
    "somali": "Lulmo",
    "urdu": "غنودگی",
  },
  "sick": {
    "welsh": "Gyfoglyd",
    "arabic": "تعبان",
    "bengali": "ঘৃণা উদ্রেককর",
    "polish": "Nudności",
    "somali": "Mataq",
    "urdu": "متلی تبیت یا دل خراب ہون",
  },
}
